pattern_3wave,0,1
low,0.8272418035753057,0.17275819642469423
persistent,0.6863694267515924,0.31363057324840765
transient,0.7419700214132763,0.2580299785867238
